id,name,description,instructions,muscle_group,secondary_muscles,equipment,exercise_type,difficulty,animation_url,thumbnail_url,calories_per_minute,is_compound,is_unilateral,coach_id,is_custom,created_at,updated_at,category,tips,primary_muscles,video_url,gender_variant,source,form_tips,common_mistakes,coaching_cues,reference_links
19791,Single-Arm Incline Bench Lat Pulldown,,"Sit sideways on an incline bench positioned next to a high pulley. Set the bench to a moderate incline. Plant both feet firmly on the floor for stability.

Grab a single cable handle with the outside arm and fully extend it overhead. Allow the shoulder blade to elevate at the top to achieve a deep lat stretch. Brace your non-working hand firmly on the top of the bench pad for support. Keep your torso lightly leaned into the bench with ribs down and core engaged.

Initiate the movement by depressing the scapula first (pull the shoulder down), then drive the elbow down and slightly back toward your hip. Keep the elbow close to your torso and avoid excessive torso rotation or leaning.

Squeeze the lat at the bottom with the shoulder depressed and elbow tight to your side. Slowly return under control to the fully stretched overhead position, allowing the scapula to elevate again.

Maintain controlled tempo throughout. Avoid using momentum.",back,[],cable,strength,intermediate,https://qewqcjzlfqamqwbccapr.supabase.co/storage/v1/object/sign/workout-assets/exercise-videos/ab3acf54-0499-46b7-b130-63e836e70503/custom-1770794471790.webm?token=eyJraWQiOiJzdG9yYWdlLXVybC1zaWduaW5nLWtleV84NjE4ZWRhYy0yY2NmLTQ4MzMtODNiZi01MWVhNzZkMmY2ZDUiLCJhbGciOiJIUzI1NiJ9.eyJ1cmwiOiJ3b3Jrb3V0LWFzc2V0cy9leGVyY2lzZS12aWRlb3MvYWIzYWNmNTQtMDQ5OS00NmI3LWIxMzAtNjNlODM2ZTcwNTAzL2N1c3RvbS0xNzcwNzk0NDcxNzkwLndlYm0iLCJpYXQiOjE3NzA3OTQ0NzcsImV4cCI6MTc3MTM5OTI3N30.1NFuhf3sBp7KfHdH59j89m3H4clofvPPJbOrbgCsrqc,https://qewqcjzlfqamqwbccapr.supabase.co/storage/v1/object/public/exercise-thumbnails/manual-uploads/19791_1771058965729_Screenshot_2026-02-14_154848.png,,False,True,ab3acf54-0499-46b7-b130-63e836e70503,True,2026-02-11T07:21:19.289302+00:00,2026-05-06T10:48:16.098341+00:00,,,,,,exerciseanimatic,[],[],[],[]
19792,Chest-Supported Plate-Loaded T-Bar Row,,"Lie prone with your chest firmly pressed into the pad and feet secured on the platform. Maintain constant contact between your sternum and the pad throughout the entire set.

Begin with arms fully extended and shoulders controlled — no loose hanging or forward collapse.

Initiate the movement by depressing and retracting the scapulae first. Then drive the elbows back toward the hips while keeping the chest glued to the pad.

At the top, squeeze the mid-back briefly without lifting or rocking the torso.

Lower the weight under control for 2–3 seconds until the arms are fully lengthened again. Pause before starting the next rep.

No body swing. No jerking. No torso lift. Strict hypertrophy-focused form.",back,[],machine,strength,intermediate,https://qewqcjzlfqamqwbccapr.supabase.co/storage/v1/object/sign/workout-assets/exercise-videos/ab3acf54-0499-46b7-b130-63e836e70503/custom-1770796218859.mp4?token=eyJraWQiOiJzdG9yYWdlLXVybC1zaWduaW5nLWtleV84NjE4ZWRhYy0yY2NmLTQ4MzMtODNiZi01MWVhNzZkMmY2ZDUiLCJhbGciOiJIUzI1NiJ9.eyJ1cmwiOiJ3b3Jrb3V0LWFzc2V0cy9leGVyY2lzZS12aWRlb3MvYWIzYWNmNTQtMDQ5OS00NmI3LWIxMzAtNjNlODM2ZTcwNTAzL2N1c3RvbS0xNzcwNzk2MjE4ODU5Lm1wNCIsImlhdCI6MTc3MDc5NjIyMywiZXhwIjoxNzcxNDAxMDIzfQ.47LQTu8iCgz4KzezscdtHwUp5D4pbzItbz_42A6jg3A,https://qewqcjzlfqamqwbccapr.supabase.co/storage/v1/object/public/exercise-thumbnails/manual-uploads/19792_1771064586008_Screenshot_2026-02-14_155601.png,,False,False,ab3acf54-0499-46b7-b130-63e836e70503,True,2026-02-11T07:50:24.995092+00:00,2026-02-14T10:23:07.859146+00:00,,,,,,exerciseanimatic,[],[],[],[]
19793,Pendulum Squat,,,quadriceps,[],machine,strength,intermediate,https://qewqcjzlfqamqwbccapr.supabase.co/storage/v1/object/sign/workout-assets/exercise-videos/ab3acf54-0499-46b7-b130-63e836e70503/custom-1770901335857.mp4?token=eyJraWQiOiJzdG9yYWdlLXVybC1zaWduaW5nLWtleV84NjE4ZWRhYy0yY2NmLTQ4MzMtODNiZi01MWVhNzZkMmY2ZDUiLCJhbGciOiJIUzI1NiJ9.eyJ1cmwiOiJ3b3Jrb3V0LWFzc2V0cy9leGVyY2lzZS12aWRlb3MvYWIzYWNmNTQtMDQ5OS00NmI3LWIxMzAtNjNlODM2ZTcwNTAzL2N1c3RvbS0xNzcwOTAxMzM1ODU3Lm1wNCIsImlhdCI6MTc3MDkwMTM0MSwiZXhwIjoxNzcxNTA2MTQxfQ.XdrudehdEhukg8YASS2v_vvsCiYK30mIApGzwY6-Lvg,https://qewqcjzlfqamqwbccapr.supabase.co/storage/v1/object/public/exercise-thumbnails/manual-uploads/19793_1771058870078_Screenshot_2026-02-14_154656.png,,False,False,ab3acf54-0499-46b7-b130-63e836e70503,True,2026-02-12T13:02:21.951095+00:00,2026-02-14T08:47:51.717189+00:00,,,,,,exerciseanimatic,[],[],[],[]
19794,Midline Dip Belt Hip Hinge,,"Instructions:
	1.	Attach a dip belt securely around your hips and connect it to a low cable positioned behind you. Ensure the cable runs directly between your legs and is aligned at hip height.
	2.	Stand facing away from the machine with feet hip-width apart. Keep your heels flat and knees slightly bent.
	3.	Brace your core and hinge at the hips by pushing them straight back while maintaining a neutral spine. Keep your shins nearly vertical and allow your torso to incline forward naturally.
	4.	Lower until you feel a strong stretch in your glutes and hamstrings without rounding your lower back.
	5.	Drive your hips forward to return to standing, squeezing your glutes at full extension. Avoid turning the movement into a squat — motion should come from the hips only.
	6.	Repeat for controlled repetitions, maintaining constant tension and a neutral spine throughout.",glutes,[],cable,strength,intermediate,https://qewqcjzlfqamqwbccapr.supabase.co/storage/v1/object/sign/workout-assets/exercise-videos/ab3acf54-0499-46b7-b130-63e836e70503/custom-1771310951614.mp4?token=eyJraWQiOiJzdG9yYWdlLXVybC1zaWduaW5nLWtleV84NjE4ZWRhYy0yY2NmLTQ4MzMtODNiZi01MWVhNzZkMmY2ZDUiLCJhbGciOiJIUzI1NiJ9.eyJ1cmwiOiJ3b3Jrb3V0LWFzc2V0cy9leGVyY2lzZS12aWRlb3MvYWIzYWNmNTQtMDQ5OS00NmI3LWIxMzAtNjNlODM2ZTcwNTAzL2N1c3RvbS0xNzcxMzEwOTUxNjE0Lm1wNCIsImlhdCI6MTc3MTMxMDk1NywiZXhwIjoxNzcxOTE1NzU3fQ.QQ61mffR1A-Ymz1h6KJXgVBDHzmg2umrCJo7iO9h3fg,https://qewqcjzlfqamqwbccapr.supabase.co/storage/v1/object/public/exercise-thumbnails/manual-uploads/19794_1771313201329_Screenshot_2026-02-17_135454.png,,False,False,ab3acf54-0499-46b7-b130-63e836e70503,True,2026-02-17T06:49:18.38403+00:00,2026-02-17T07:26:43.197193+00:00,,,,,,exerciseanimatic,[],[],[],"[{""url"": ""https://www.instagram.com/reel/DU1Qj4MCd5H/?igsh=cm13dzMwYnNpcm9n"", ""type"": ""instagram"", ""title"": ""Instagram Post""}]"
19795,Single Arm Lat Stretch,,,back,[],other,flexibility,beginner,https://qewqcjzlfqamqwbccapr.supabase.co/storage/v1/object/sign/workout-assets/exercise-videos/ab3acf54-0499-46b7-b130-63e836e70503/custom-1771312775006.webm?token=eyJraWQiOiJzdG9yYWdlLXVybC1zaWduaW5nLWtleV84NjE4ZWRhYy0yY2NmLTQ4MzMtODNiZi01MWVhNzZkMmY2ZDUiLCJhbGciOiJIUzI1NiJ9.eyJ1cmwiOiJ3b3Jrb3V0LWFzc2V0cy9leGVyY2lzZS12aWRlb3MvYWIzYWNmNTQtMDQ5OS00NmI3LWIxMzAtNjNlODM2ZTcwNTAzL2N1c3RvbS0xNzcxMzEyNzc1MDA2LndlYm0iLCJpYXQiOjE3NzEzMTI3ODAsImV4cCI6MTc3MTkxNzU4MH0.Bd0A6m4EjV2DjyQ49-Nczkbl-EysfU7gdz8-euNiuUU,https://qewqcjzlfqamqwbccapr.supabase.co/storage/v1/object/public/exercise-thumbnails/manual-uploads/19795_1771313160873_Screenshot_2026-02-17_142048.png,,False,True,ab3acf54-0499-46b7-b130-63e836e70503,True,2026-02-17T07:19:41.399313+00:00,2026-05-06T10:48:06.232458+00:00,,,,,,exerciseanimatic,[],[],[],[]
19797,Heel-Elevated Quad-Bias Goblet Squat,,"Setup
	1.	Elevate heels 1–3 inches using two flat plates or a wedge.
	2.	Feet about shoulder-width, toes slightly turned out (5–15°).
	3.	Hold a dumbbell vertically in goblet position — top head against chest, elbows angled slightly down.
	4.	Brace core. Neutral spine. Chest tall.

⸻

Descent (2 seconds)
	1.	Drive knees forward over toes immediately.
	2.	Allow hips to drop straight down (minimal backward hinge).
	3.	Keep torso relatively upright.
	4.	Maintain full foot pressure — big toe, little toe, heel.
	5.	Descend until hamstrings compress against calves.

Cue:
“Let the knees travel — sit between your heels.”

⸻

Pause (1 second)
	•	Stay tight.
	•	Keep heels loaded.
	•	Don’t relax at the bottom.

⸻

Ascent (1–2 seconds)
	1.	Push through mid-foot.
	2.	Extend knees and hips together.
	3.	Allow slight natural torso incline during mid-range.
	4.	Finish tall with full hip and knee extension.
	5.	Glutes contract at the top.

Cue:
“Drive knees back and hips through.”

⸻

What Makes It Quad-Dominant
	•	Heels elevated
	•	Forward knee travel
	•	More knee flexion range
	•	More upright torso
	•	Reduced hip hinge

⸻

Common Mistakes

❌ Turning it into a sissy squat (knees extend but hips stay forward)
❌ Excessive forward lean
❌ Heels lifting off plates
❌ Partial depth
❌ Bouncing out of the bottom",quadriceps,[],dumbbell,strength,intermediate,https://qewqcjzlfqamqwbccapr.supabase.co/storage/v1/object/sign/workout-assets/exercise-videos/ab3acf54-0499-46b7-b130-63e836e70503/custom-1771509221162.webm?token=eyJraWQiOiJzdG9yYWdlLXVybC1zaWduaW5nLWtleV84NjE4ZWRhYy0yY2NmLTQ4MzMtODNiZi01MWVhNzZkMmY2ZDUiLCJhbGciOiJIUzI1NiJ9.eyJ1cmwiOiJ3b3Jrb3V0LWFzc2V0cy9leGVyY2lzZS12aWRlb3MvYWIzYWNmNTQtMDQ5OS00NmI3LWIxMzAtNjNlODM2ZTcwNTAzL2N1c3RvbS0xNzcxNTA5MjIxMTYyLndlYm0iLCJpYXQiOjE3NzE1MDkyMjYsImV4cCI6MTc3MjExNDAyNn0.-y-akgSwSKeksZsMspNQPayBlV2z7J7n-dBuY_IaQQ0,https://qewqcjzlfqamqwbccapr.supabase.co/storage/v1/object/public/exercise-thumbnails/video-thumbnails/ab3acf54-0499-46b7-b130-63e836e70503/custom-1771509221162.png,,False,False,ab3acf54-0499-46b7-b130-63e836e70503,True,2026-02-19T13:53:47.734509+00:00,2026-02-20T12:32:17.398308+00:00,,,,,,exerciseanimatic,[],[],[],[]
19800,Stairmaster,,,quadriceps,[],machine,cardio,intermediate,https://qewqcjzlfqamqwbccapr.supabase.co/storage/v1/object/sign/workout-assets/exercise-videos/ab3acf54-0499-46b7-b130-63e836e70503/custom-1771597762743.mp4?token=eyJraWQiOiJzdG9yYWdlLXVybC1zaWduaW5nLWtleV84NjE4ZWRhYy0yY2NmLTQ4MzMtODNiZi01MWVhNzZkMmY2ZDUiLCJhbGciOiJIUzI1NiJ9.eyJ1cmwiOiJ3b3Jrb3V0LWFzc2V0cy9leGVyY2lzZS12aWRlb3MvYWIzYWNmNTQtMDQ5OS00NmI3LWIxMzAtNjNlODM2ZTcwNTAzL2N1c3RvbS0xNzcxNTk3NzYyNzQzLm1wNCIsImlhdCI6MTc3MTU5Nzc2NiwiZXhwIjoxNzcyMjAyNTY2fQ.BR8r6ZnQxyBcN9MORfVxJguRUgINlqXDyEPxxSWz4ss,https://qewqcjzlfqamqwbccapr.supabase.co/storage/v1/object/public/exercise-thumbnails/manual-uploads/19800_1771597768755_IMG_5078.jpeg,,False,False,ab3acf54-0499-46b7-b130-63e836e70503,True,2026-02-20T14:29:27.258619+00:00,2026-02-20T14:29:30.304748+00:00,,,,,,exerciseanimatic,[],[],[],[]
19803,Kickstand Trap Bar Romanian Deadlift,,"Set up inside a trap bar with a staggered stance. Place approximately 90% of your weight on the front foot and lightly position the rear toes on the floor for balance.

Brace your core and maintain a neutral spine.

Initiate the movement by pushing your hips straight back while keeping the front shin vertical and the rear leg passive. Allow a slight bend in the front knee, but do not squat.

Lower the bar by hinging at the hips until the plates reach the floor. Maintain continuous rear toe contact with the ground.

Pause briefly at the bottom, then drive the hips forward through the front leg to return to standing.

Keep the movement controlled and avoid shifting weight into the rear leg.",glutes,[],,strength,intermediate,https://qewqcjzlfqamqwbccapr.supabase.co/storage/v1/object/sign/workout-assets/exercise-videos/ab3acf54-0499-46b7-b130-63e836e70503/custom-1771770920801.mp4?token=eyJraWQiOiJzdG9yYWdlLXVybC1zaWduaW5nLWtleV84NjE4ZWRhYy0yY2NmLTQ4MzMtODNiZi01MWVhNzZkMmY2ZDUiLCJhbGciOiJIUzI1NiJ9.eyJ1cmwiOiJ3b3Jrb3V0LWFzc2V0cy9leGVyY2lzZS12aWRlb3MvYWIzYWNmNTQtMDQ5OS00NmI3LWIxMzAtNjNlODM2ZTcwNTAzL2N1c3RvbS0xNzcxNzcwOTIwODAxLm1wNCIsImlhdCI6MTc3MTc3MDkyNywiZXhwIjoxNzcyMzc1NzI3fQ.pfjMtb3S_ohWwS7s-RyvZxFGgA1WPEjUQGdChObs4hQ,https://qewqcjzlfqamqwbccapr.supabase.co/storage/v1/object/public/exercise-thumbnails/manual-uploads/19803_1771770929944_IMG_5160.jpeg,,False,True,ab3acf54-0499-46b7-b130-63e836e70503,True,2026-02-22T14:35:28.606109+00:00,2026-05-06T10:47:55.722618+00:00,,,,,,exerciseanimatic,[],[],[],[]
19804,Spanish Squat,,"Setup:
Band behind knees at knee height. Walk back until there’s tension. Stand tall, feet shoulder-width, heels flat.

Lower:
Keep chest upright.
Let knees travel forward over toes.
Drop straight down — not back.
Heels stay planted.

Bottom:
Torso vertical. Knees forward. Quads loaded.

Up:
Drive through mid-foot.
Straighten knees.
Stay upright — don’t lean back.",quadriceps,[],bodyweight,strength,beginner,https://qewqcjzlfqamqwbccapr.supabase.co/storage/v1/object/sign/workout-assets/exercise-videos/ab3acf54-0499-46b7-b130-63e836e70503/custom-1771943563671.mp4?token=eyJraWQiOiJzdG9yYWdlLXVybC1zaWduaW5nLWtleV84NjE4ZWRhYy0yY2NmLTQ4MzMtODNiZi01MWVhNzZkMmY2ZDUiLCJhbGciOiJIUzI1NiJ9.eyJ1cmwiOiJ3b3Jrb3V0LWFzc2V0cy9leGVyY2lzZS12aWRlb3MvYWIzYWNmNTQtMDQ5OS00NmI3LWIxMzAtNjNlODM2ZTcwNTAzL2N1c3RvbS0xNzcxOTQzNTYzNjcxLm1wNCIsImlhdCI6MTc3MTk0MzU3MCwiZXhwIjoxNzcyNTQ4MzcwfQ.G7d77WxfT7vPzecxU9mAWA4T9JEF0EvUoVL-KXq60gU,https://qewqcjzlfqamqwbccapr.supabase.co/storage/v1/object/public/exercise-thumbnails/manual-uploads/19804_1771943573228_IMG_5308.jpeg,,False,False,ab3acf54-0499-46b7-b130-63e836e70503,True,2026-02-24T14:32:51.541506+00:00,2026-02-24T14:32:53.986939+00:00,,,,,,exerciseanimatic,[],[],[],[]
19805,Elevated Front Foot Dumbbell Split Squat,,"Hold a dumbbell in each hand.
Place your front foot on an elevated platform and step the other leg back.
Lower your back knee toward the floor while keeping your torso upright.
Push through the front foot to return to the starting position.",quadriceps,[],dumbbell,strength,intermediate,https://qewqcjzlfqamqwbccapr.supabase.co/storage/v1/object/sign/workout-assets/exercise-videos/ab3acf54-0499-46b7-b130-63e836e70503/custom-1773488912776.webm?token=eyJraWQiOiJzdG9yYWdlLXVybC1zaWduaW5nLWtleV84NjE4ZWRhYy0yY2NmLTQ4MzMtODNiZi01MWVhNzZkMmY2ZDUiLCJhbGciOiJIUzI1NiJ9.eyJ1cmwiOiJ3b3Jrb3V0LWFzc2V0cy9leGVyY2lzZS12aWRlb3MvYWIzYWNmNTQtMDQ5OS00NmI3LWIxMzAtNjNlODM2ZTcwNTAzL2N1c3RvbS0xNzczNDg4OTEyNzc2LndlYm0iLCJpYXQiOjE3NzM0ODg5MTcsImV4cCI6MTc3NDA5MzcxN30.G-fBLYFWMFmHy-yBUUHsiWVX7JjfGmgc_RhyJdLHCcQ,https://qewqcjzlfqamqwbccapr.supabase.co/storage/v1/object/public/exercise-thumbnails/manual-uploads/19805_1772702427209_IMG_5773.jpeg,,False,True,ab3acf54-0499-46b7-b130-63e836e70503,True,2026-03-05T09:20:25.8277+00:00,2026-05-06T10:47:47.915214+00:00,,,,,,exerciseanimatic,[],[],[],[]
20268,Chris Bumstead Superset,,,back,[],cable,strength,intermediate,https://qewqcjzlfqamqwbccapr.supabase.co/storage/v1/object/sign/workout-assets/exercise-videos/ab3acf54-0499-46b7-b130-63e836e70503/custom-1777470612256.mp4?token=eyJraWQiOiJzdG9yYWdlLXVybC1zaWduaW5nLWtleV84NjE4ZWRhYy0yY2NmLTQ4MzMtODNiZi01MWVhNzZkMmY2ZDUiLCJhbGciOiJIUzI1NiJ9.eyJ1cmwiOiJ3b3Jrb3V0LWFzc2V0cy9leGVyY2lzZS12aWRlb3MvYWIzYWNmNTQtMDQ5OS00NmI3LWIxMzAtNjNlODM2ZTcwNTAzL2N1c3RvbS0xNzc3NDcwNjEyMjU2Lm1wNCIsImlhdCI6MTc3NzQ3MDY0NCwiZXhwIjoxNzc4MDc1NDQ0fQ.unKJbdygQ7GXNVjNkbUlSRQctB-n2HI_zFP0pM9CKHE,https://qewqcjzlfqamqwbccapr.supabase.co/storage/v1/object/public/exercise-thumbnails/manual-uploads/20268_1777471502698_IMG_0082.png,,False,False,ab3acf54-0499-46b7-b130-63e836e70503,True,2026-04-29T13:50:45.697442+00:00,2026-04-29T14:05:04.970514+00:00,,,,,,exerciseanimatic,[],[],[],[]
20269,Cable Hip Hinge,,,glutes,[],cable,strength,intermediate,https://qewqcjzlfqamqwbccapr.supabase.co/storage/v1/object/sign/workout-assets/exercise-videos/ab3acf54-0499-46b7-b130-63e836e70503/custom-1777541281038.mov?token=eyJraWQiOiJzdG9yYWdlLXVybC1zaWduaW5nLWtleV84NjE4ZWRhYy0yY2NmLTQ4MzMtODNiZi01MWVhNzZkMmY2ZDUiLCJhbGciOiJIUzI1NiJ9.eyJ1cmwiOiJ3b3Jrb3V0LWFzc2V0cy9leGVyY2lzZS12aWRlb3MvYWIzYWNmNTQtMDQ5OS00NmI3LWIxMzAtNjNlODM2ZTcwNTAzL2N1c3RvbS0xNzc3NTQxMjgxMDM4Lm1vdiIsImlhdCI6MTc3NzU0MTI4NiwiZXhwIjoxNzc4MTQ2MDg2fQ.kzG3WvH5W2liz4fCTzgxEtT8_LKjus9kIHOHswBOlS0,https://qewqcjzlfqamqwbccapr.supabase.co/storage/v1/object/public/exercise-thumbnails/manual-uploads/20269_1777541289705_IMG_0172.jpeg,,False,True,ab3acf54-0499-46b7-b130-63e836e70503,True,2026-04-30T09:28:08.030232+00:00,2026-05-06T10:47:40.145975+00:00,,,,,,exerciseanimatic,[],[],[],[]
20270,Single-Arm Cable,,,back,[],cable,strength,intermediate,https://qewqcjzlfqamqwbccapr.supabase.co/storage/v1/object/sign/workout-assets/exercise-videos/ab3acf54-0499-46b7-b130-63e836e70503/custom-1777544437301.mp4?token=eyJraWQiOiJzdG9yYWdlLXVybC1zaWduaW5nLWtleV84NjE4ZWRhYy0yY2NmLTQ4MzMtODNiZi01MWVhNzZkMmY2ZDUiLCJhbGciOiJIUzI1NiJ9.eyJ1cmwiOiJ3b3Jrb3V0LWFzc2V0cy9leGVyY2lzZS12aWRlb3MvYWIzYWNmNTQtMDQ5OS00NmI3LWIxMzAtNjNlODM2ZTcwNTAzL2N1c3RvbS0xNzc3NTQ0NDM3MzAxLm1wNCIsImlhdCI6MTc3NzU0NDQ0NSwiZXhwIjoxNzc4MTQ5MjQ1fQ.FSW1ZIDcaS9p70L2_IRp9LV31TodARqaX_2tZOcwA9Q,https://qewqcjzlfqamqwbccapr.supabase.co/storage/v1/object/public/exercise-thumbnails/manual-uploads/20270_1777541504791_IMG_0177.jpeg,,False,True,ab3acf54-0499-46b7-b130-63e836e70503,True,2026-04-30T09:31:44.038113+00:00,2026-05-06T10:48:11.771796+00:00,,,,,,exerciseanimatic,[],[],[],"[{""url"": ""https://www.instagram.com/p/DVj9OtfDZ5S/?igsh=dWFrbWJiaHB2MzJ3"", ""type"": ""instagram"", ""title"": ""Instagram Post""}]"
20271,Heel Elevated Kettlebell Squat,,,quadriceps,[],kettlebell,strength,intermediate,https://qewqcjzlfqamqwbccapr.supabase.co/storage/v1/object/sign/workout-assets/exercise-videos/ab3acf54-0499-46b7-b130-63e836e70503/custom-1777541638659.mov?token=eyJraWQiOiJzdG9yYWdlLXVybC1zaWduaW5nLWtleV84NjE4ZWRhYy0yY2NmLTQ4MzMtODNiZi01MWVhNzZkMmY2ZDUiLCJhbGciOiJIUzI1NiJ9.eyJ1cmwiOiJ3b3Jrb3V0LWFzc2V0cy9leGVyY2lzZS12aWRlb3MvYWIzYWNmNTQtMDQ5OS00NmI3LWIxMzAtNjNlODM2ZTcwNTAzL2N1c3RvbS0xNzc3NTQxNjM4NjU5Lm1vdiIsImlhdCI6MTc3NzU0MTY0NSwiZXhwIjoxNzc4MTQ2NDQ1fQ.IwHvq7D1hu1ofkjKOdXFUj4yERcGQrO1dsP7KAw-dDg,https://qewqcjzlfqamqwbccapr.supabase.co/storage/v1/object/public/exercise-thumbnails/manual-uploads/20271_1777541647024_IMG_0091.png,,False,False,ab3acf54-0499-46b7-b130-63e836e70503,True,2026-04-30T09:34:06.016189+00:00,2026-04-30T09:34:09.625522+00:00,,,,,,exerciseanimatic,[],[],[],"[{""url"": ""https://www.instagram.com/reel/DXr49tpicQB/?igsh=dXZmZHRiOGticWNs"", ""type"": ""instagram"", ""title"": ""Instagram Post""}]"
20272,Cbum Raises,,,shoulders,[],dumbbell,strength,intermediate,https://qewqcjzlfqamqwbccapr.supabase.co/storage/v1/object/sign/workout-assets/exercise-videos/ab3acf54-0499-46b7-b130-63e836e70503/custom-1777554265685.mp4?token=eyJraWQiOiJzdG9yYWdlLXVybC1zaWduaW5nLWtleV84NjE4ZWRhYy0yY2NmLTQ4MzMtODNiZi01MWVhNzZkMmY2ZDUiLCJhbGciOiJIUzI1NiJ9.eyJ1cmwiOiJ3b3Jrb3V0LWFzc2V0cy9leGVyY2lzZS12aWRlb3MvYWIzYWNmNTQtMDQ5OS00NmI3LWIxMzAtNjNlODM2ZTcwNTAzL2N1c3RvbS0xNzc3NTU0MjY1Njg1Lm1wNCIsImlhdCI6MTc3NzU1NDI3NCwiZXhwIjoxNzc4MTU5MDc0fQ.FrMg6Tnm2S1eCE8TdSRS2lOG1rC-vRgK-r9yasmHsYo,https://qewqcjzlfqamqwbccapr.supabase.co/storage/v1/object/public/exercise-thumbnails/manual-uploads/20272_1777554413848_Screenshot_2026-04-30_200554.png,,False,False,ab3acf54-0499-46b7-b130-63e836e70503,True,2026-04-30T13:04:35.629874+00:00,2026-04-30T13:06:55.885503+00:00,,,,,,exerciseanimatic,[],[],[],"[{""url"": ""https://www.youtube.com/shorts/sY8E1yWP3Ak"", ""type"": ""youtube"", ""title"": ""YouTube Video""}]"
20273,Smith machine Romanian dead lift,,,glutes,[],smith machine,strength,intermediate,https://qewqcjzlfqamqwbccapr.supabase.co/storage/v1/object/sign/workout-assets/exercise-videos/ab3acf54-0499-46b7-b130-63e836e70503/custom-1777557870443.mov?token=eyJraWQiOiJzdG9yYWdlLXVybC1zaWduaW5nLWtleV84NjE4ZWRhYy0yY2NmLTQ4MzMtODNiZi01MWVhNzZkMmY2ZDUiLCJhbGciOiJIUzI1NiJ9.eyJ1cmwiOiJ3b3Jrb3V0LWFzc2V0cy9leGVyY2lzZS12aWRlb3MvYWIzYWNmNTQtMDQ5OS00NmI3LWIxMzAtNjNlODM2ZTcwNTAzL2N1c3RvbS0xNzc3NTU3ODcwNDQzLm1vdiIsImlhdCI6MTc3NzU1Nzg3NywiZXhwIjoxNzc4MTYyNjc3fQ.fV77OCVWmBh7LduubK86fEwts2RY7GMZQglmf_Kf_8U,https://qewqcjzlfqamqwbccapr.supabase.co/storage/v1/object/public/exercise-thumbnails/manual-uploads/20273_1777557880497_IMG_0202.png,,False,False,ab3acf54-0499-46b7-b130-63e836e70503,True,2026-04-30T14:04:38.742762+00:00,2026-04-30T14:04:42.43889+00:00,,,,,,exerciseanimatic,[],[],[],[]
20279,Overhead Seated Dumbbell Extension,,,triceps,[],dumbbell,strength,intermediate,https://qewqcjzlfqamqwbccapr.supabase.co/storage/v1/object/sign/workout-assets/exercise-videos/ab3acf54-0499-46b7-b130-63e836e70503/custom-1777807463787.mov?token=eyJraWQiOiJzdG9yYWdlLXVybC1zaWduaW5nLWtleV84NjE4ZWRhYy0yY2NmLTQ4MzMtODNiZi01MWVhNzZkMmY2ZDUiLCJhbGciOiJIUzI1NiJ9.eyJ1cmwiOiJ3b3Jrb3V0LWFzc2V0cy9leGVyY2lzZS12aWRlb3MvYWIzYWNmNTQtMDQ5OS00NmI3LWIxMzAtNjNlODM2ZTcwNTAzL2N1c3RvbS0xNzc3ODA3NDYzNzg3Lm1vdiIsImlhdCI6MTc3NzgwNzQ3MiwiZXhwIjoxNzc4NDEyMjcyfQ.cX-BeTl-FN7tI-_srj6Mbx11Heajv-HWrG0bp_G2_mo,https://qewqcjzlfqamqwbccapr.supabase.co/storage/v1/object/public/exercise-thumbnails/manual-uploads/20279_1777807475100_IMG_0350.jpeg,,False,False,ab3acf54-0499-46b7-b130-63e836e70503,True,2026-05-03T11:24:33.683761+00:00,2026-05-03T11:24:36.915445+00:00,,,,,,exerciseanimatic,[],[],[],"[{""url"": ""https://youtube.com/shorts/b_r_LW4HEcM?si=fk2NmRfjZSCdIHfs"", ""type"": ""youtube"", ""title"": ""YouTube Video""}]"
21296,Muay Thai Stance,,,full body,[],other,cardio,beginner,https://qewqcjzlfqamqwbccapr.supabase.co/storage/v1/object/sign/workout-assets/exercise-videos/ab3acf54-0499-46b7-b130-63e836e70503/custom-1778032798511.mov?token=eyJraWQiOiJzdG9yYWdlLXVybC1zaWduaW5nLWtleV84NjE4ZWRhYy0yY2NmLTQ4MzMtODNiZi01MWVhNzZkMmY2ZDUiLCJhbGciOiJIUzI1NiJ9.eyJ1cmwiOiJ3b3Jrb3V0LWFzc2V0cy9leGVyY2lzZS12aWRlb3MvYWIzYWNmNTQtMDQ5OS00NmI3LWIxMzAtNjNlODM2ZTcwNTAzL2N1c3RvbS0xNzc4MDMyNzk4NTExLm1vdiIsImlhdCI6MTc3ODAzMjgwOCwiZXhwIjoxNzc4NjM3NjA4fQ.p4mzYwe1-kxuF2BniahV5Ai-hyga93x8IYXTQ73JtKo,https://qewqcjzlfqamqwbccapr.supabase.co/storage/v1/object/public/exercise-thumbnails/manual-uploads/21296_1778033478181_Muay_Thai__2_.png,,False,False,ab3acf54-0499-46b7-b130-63e836e70503,True,2026-05-06T02:00:08.826012+00:00,2026-05-06T02:11:19.748071+00:00,,,,,,exerciseanimatic,[],[],[],[]
21731,Round House Kick,,,full body,[],,cardio,intermediate,https://qewqcjzlfqamqwbccapr.supabase.co/storage/v1/object/sign/workout-assets/exercise-videos/ab3acf54-0499-46b7-b130-63e836e70503/custom-1778207433493.mp4?token=eyJraWQiOiJzdG9yYWdlLXVybC1zaWduaW5nLWtleV84NjE4ZWRhYy0yY2NmLTQ4MzMtODNiZi01MWVhNzZkMmY2ZDUiLCJhbGciOiJIUzI1NiJ9.eyJ1cmwiOiJ3b3Jrb3V0LWFzc2V0cy9leGVyY2lzZS12aWRlb3MvYWIzYWNmNTQtMDQ5OS00NmI3LWIxMzAtNjNlODM2ZTcwNTAzL2N1c3RvbS0xNzc4MjA3NDMzNDkzLm1wNCIsImlhdCI6MTc3ODIwNzQzOSwiZXhwIjoxNzc4ODEyMjM5fQ.paQGFfuOtkAkgdwSrrWYp4GFc3E267H2SOiXb4avwxA,https://qewqcjzlfqamqwbccapr.supabase.co/storage/v1/object/public/exercise-thumbnails/manual-uploads/21731_1778207442376_IMG_0712.jpeg,,False,False,ab3acf54-0499-46b7-b130-63e836e70503,True,2026-05-08T02:30:40.546949+00:00,2026-05-08T02:30:43.448572+00:00,,,,,,exerciseanimatic,[],[],[],[]
21732,Cross,,,full body,[],other,cardio,beginner,https://qewqcjzlfqamqwbccapr.supabase.co/storage/v1/object/sign/workout-assets/exercise-videos/ab3acf54-0499-46b7-b130-63e836e70503/custom-1778246528313.mov?token=eyJraWQiOiJzdG9yYWdlLXVybC1zaWduaW5nLWtleV84NjE4ZWRhYy0yY2NmLTQ4MzMtODNiZi01MWVhNzZkMmY2ZDUiLCJhbGciOiJIUzI1NiJ9.eyJ1cmwiOiJ3b3Jrb3V0LWFzc2V0cy9leGVyY2lzZS12aWRlb3MvYWIzYWNmNTQtMDQ5OS00NmI3LWIxMzAtNjNlODM2ZTcwNTAzL2N1c3RvbS0xNzc4MjQ2NTI4MzEzLm1vdiIsImlhdCI6MTc3ODI0NjU2OCwiZXhwIjoxNzc4ODUxMzY4fQ.1rDmMsPBY1Bge0vaJeYayE0W8FOHLbM9EhyigNxPUeQ,https://qewqcjzlfqamqwbccapr.supabase.co/storage/v1/object/public/exercise-thumbnails/manual-uploads/21732_1778246570927_IMG_0824.png,,False,False,ab3acf54-0499-46b7-b130-63e836e70503,True,2026-05-08T13:22:49.213422+00:00,2026-05-08T13:22:52.472196+00:00,,,,,,exerciseanimatic,[],[],[],[]
21733,Elbow Combos,,,full body,[],other,strength,beginner,https://qewqcjzlfqamqwbccapr.supabase.co/storage/v1/object/sign/workout-assets/exercise-videos/ab3acf54-0499-46b7-b130-63e836e70503/custom-1778249126668.mov?token=eyJraWQiOiJzdG9yYWdlLXVybC1zaWduaW5nLWtleV84NjE4ZWRhYy0yY2NmLTQ4MzMtODNiZi01MWVhNzZkMmY2ZDUiLCJhbGciOiJIUzI1NiJ9.eyJ1cmwiOiJ3b3Jrb3V0LWFzc2V0cy9leGVyY2lzZS12aWRlb3MvYWIzYWNmNTQtMDQ5OS00NmI3LWIxMzAtNjNlODM2ZTcwNTAzL2N1c3RvbS0xNzc4MjQ5MTI2NjY4Lm1vdiIsImlhdCI6MTc3ODI0OTE1NCwiZXhwIjoxNzc4ODUzOTU0fQ.Vx2V_RKGYSvCeMDvfp9qMZrNQ6PuFYyczzmAy4kCF1w,https://qewqcjzlfqamqwbccapr.supabase.co/storage/v1/object/public/exercise-thumbnails/manual-uploads/21733_1778249158111_IMG_0828.png,,False,False,ab3acf54-0499-46b7-b130-63e836e70503,True,2026-05-08T14:05:56.502708+00:00,2026-05-08T14:05:59.97118+00:00,,,,,,exerciseanimatic,[],[],[],[]
21734,Kick Check,,,full body,[],other,strength,beginner,https://qewqcjzlfqamqwbccapr.supabase.co/storage/v1/object/sign/workout-assets/exercise-videos/ab3acf54-0499-46b7-b130-63e836e70503/custom-1778249245486.mov?token=eyJraWQiOiJzdG9yYWdlLXVybC1zaWduaW5nLWtleV84NjE4ZWRhYy0yY2NmLTQ4MzMtODNiZi01MWVhNzZkMmY2ZDUiLCJhbGciOiJIUzI1NiJ9.eyJ1cmwiOiJ3b3Jrb3V0LWFzc2V0cy9leGVyY2lzZS12aWRlb3MvYWIzYWNmNTQtMDQ5OS00NmI3LWIxMzAtNjNlODM2ZTcwNTAzL2N1c3RvbS0xNzc4MjQ5MjQ1NDg2Lm1vdiIsImlhdCI6MTc3ODI0OTI2MSwiZXhwIjoxNzc4ODU0MDYxfQ.L33_V8e0sMLiGhMGFfCZ_HPuIJENNpHp-YkYEZ4gvNo,https://qewqcjzlfqamqwbccapr.supabase.co/storage/v1/object/public/exercise-thumbnails/manual-uploads/21734_1778249263417_IMG_0827.png,,False,False,ab3acf54-0499-46b7-b130-63e836e70503,True,2026-05-08T14:07:42.572191+00:00,2026-05-08T14:07:44.996917+00:00,,,,,,exerciseanimatic,[],[],[],[]
21735,Rear Elbow,,,full body,[],other,strength,beginner,https://qewqcjzlfqamqwbccapr.supabase.co/storage/v1/object/sign/workout-assets/exercise-videos/ab3acf54-0499-46b7-b130-63e836e70503/custom-1778249361507.mov?token=eyJraWQiOiJzdG9yYWdlLXVybC1zaWduaW5nLWtleV84NjE4ZWRhYy0yY2NmLTQ4MzMtODNiZi01MWVhNzZkMmY2ZDUiLCJhbGciOiJIUzI1NiJ9.eyJ1cmwiOiJ3b3Jrb3V0LWFzc2V0cy9leGVyY2lzZS12aWRlb3MvYWIzYWNmNTQtMDQ5OS00NmI3LWIxMzAtNjNlODM2ZTcwNTAzL2N1c3RvbS0xNzc4MjQ5MzYxNTA3Lm1vdiIsImlhdCI6MTc3ODI0OTM3OCwiZXhwIjoxNzc4ODU0MTc4fQ.vxlm2_klZgJq-g-IZfRX5pcRx5d98qsIhRxl2HuxQ3w,https://qewqcjzlfqamqwbccapr.supabase.co/storage/v1/object/public/exercise-thumbnails/manual-uploads/21735_1778249380160_IMG_0826.png,,False,False,ab3acf54-0499-46b7-b130-63e836e70503,True,2026-05-08T14:09:39.271207+00:00,2026-05-08T14:09:41.4137+00:00,,,,,,exerciseanimatic,[],[],[],[]
21736,Lead Horizontal Elbow,,,full body,[],other,cardio,intermediate,https://qewqcjzlfqamqwbccapr.supabase.co/storage/v1/object/sign/workout-assets/exercise-videos/ab3acf54-0499-46b7-b130-63e836e70503/custom-1778249472765.mov?token=eyJraWQiOiJzdG9yYWdlLXVybC1zaWduaW5nLWtleV84NjE4ZWRhYy0yY2NmLTQ4MzMtODNiZi01MWVhNzZkMmY2ZDUiLCJhbGciOiJIUzI1NiJ9.eyJ1cmwiOiJ3b3Jrb3V0LWFzc2V0cy9leGVyY2lzZS12aWRlb3MvYWIzYWNmNTQtMDQ5OS00NmI3LWIxMzAtNjNlODM2ZTcwNTAzL2N1c3RvbS0xNzc4MjQ5NDcyNzY1Lm1vdiIsImlhdCI6MTc3ODI0OTQ4OCwiZXhwIjoxNzc4ODU0Mjg4fQ.18OCUCEmYtt6yU4cUOFjHRB4VkDR09yGWD2ZBcRIjw8,https://qewqcjzlfqamqwbccapr.supabase.co/storage/v1/object/public/exercise-thumbnails/manual-uploads/21736_1778249490698_IMG_0826.png,,False,False,ab3acf54-0499-46b7-b130-63e836e70503,True,2026-05-08T14:11:29.90284+00:00,2026-05-08T14:11:32.824297+00:00,,,,,,exerciseanimatic,[],[],[],[]
21737,Rear Forward Elbow,,,full body,[],other,cardio,beginner,https://qewqcjzlfqamqwbccapr.supabase.co/storage/v1/object/sign/workout-assets/exercise-videos/ab3acf54-0499-46b7-b130-63e836e70503/custom-1778249567241.mov?token=eyJraWQiOiJzdG9yYWdlLXVybC1zaWduaW5nLWtleV84NjE4ZWRhYy0yY2NmLTQ4MzMtODNiZi01MWVhNzZkMmY2ZDUiLCJhbGciOiJIUzI1NiJ9.eyJ1cmwiOiJ3b3Jrb3V0LWFzc2V0cy9leGVyY2lzZS12aWRlb3MvYWIzYWNmNTQtMDQ5OS00NmI3LWIxMzAtNjNlODM2ZTcwNTAzL2N1c3RvbS0xNzc4MjQ5NTY3MjQxLm1vdiIsImlhdCI6MTc3ODI0OTU4MCwiZXhwIjoxNzc4ODU0MzgwfQ.s9EJKE_ihb6QYdOXQSd05bWzMeMtbKFhR4soG00kIk8,https://qewqcjzlfqamqwbccapr.supabase.co/storage/v1/object/public/exercise-thumbnails/manual-uploads/21737_1778249581512_IMG_0826.png,,False,False,ab3acf54-0499-46b7-b130-63e836e70503,True,2026-05-08T14:13:00.722848+00:00,2026-05-08T14:13:03.361389+00:00,,,,,,exerciseanimatic,[],[],[],[]
21738,Lead Forward Elbow,,,full body,[],other,strength,intermediate,https://qewqcjzlfqamqwbccapr.supabase.co/storage/v1/object/sign/workout-assets/exercise-videos/ab3acf54-0499-46b7-b130-63e836e70503/custom-1778249636344.mov?token=eyJraWQiOiJzdG9yYWdlLXVybC1zaWduaW5nLWtleV84NjE4ZWRhYy0yY2NmLTQ4MzMtODNiZi01MWVhNzZkMmY2ZDUiLCJhbGciOiJIUzI1NiJ9.eyJ1cmwiOiJ3b3Jrb3V0LWFzc2V0cy9leGVyY2lzZS12aWRlb3MvYWIzYWNmNTQtMDQ5OS00NmI3LWIxMzAtNjNlODM2ZTcwNTAzL2N1c3RvbS0xNzc4MjQ5NjM2MzQ0Lm1vdiIsImlhdCI6MTc3ODI0OTY0OCwiZXhwIjoxNzc4ODU0NDQ4fQ.nOyF2u0oY-sJ_3L5GPM5ih7Ao7qXYII0MijEkTa2KLA,https://qewqcjzlfqamqwbccapr.supabase.co/storage/v1/object/public/exercise-thumbnails/manual-uploads/21738_1778249650255_IMG_0826.png,,False,False,ab3acf54-0499-46b7-b130-63e836e70503,True,2026-05-08T14:14:09.347014+00:00,2026-05-08T14:14:12.020065+00:00,,,,,,exerciseanimatic,[],[],[],[]
21739,Lead Switch Kick,,,full body,[],other,cardio,beginner,https://qewqcjzlfqamqwbccapr.supabase.co/storage/v1/object/sign/workout-assets/exercise-videos/ab3acf54-0499-46b7-b130-63e836e70503/custom-1778249755846.mov?token=eyJraWQiOiJzdG9yYWdlLXVybC1zaWduaW5nLWtleV84NjE4ZWRhYy0yY2NmLTQ4MzMtODNiZi01MWVhNzZkMmY2ZDUiLCJhbGciOiJIUzI1NiJ9.eyJ1cmwiOiJ3b3Jrb3V0LWFzc2V0cy9leGVyY2lzZS12aWRlb3MvYWIzYWNmNTQtMDQ5OS00NmI3LWIxMzAtNjNlODM2ZTcwNTAzL2N1c3RvbS0xNzc4MjQ5NzU1ODQ2Lm1vdiIsImlhdCI6MTc3ODI0OTc3MiwiZXhwIjoxNzc4ODU0NTcyfQ.5aaJZKpjSPxnvZlEoXC_On2azCNbP7Zw2BhFEcc6Nng,https://qewqcjzlfqamqwbccapr.supabase.co/storage/v1/object/public/exercise-thumbnails/manual-uploads/21739_1778249774542_IMG_0823.png,,False,False,ab3acf54-0499-46b7-b130-63e836e70503,True,2026-05-08T14:16:13.13879+00:00,2026-05-08T14:16:17.012634+00:00,,,,,,exerciseanimatic,[],[],[],[]
21740,Jab,,,full body,[],other,cardio,beginner,https://qewqcjzlfqamqwbccapr.supabase.co/storage/v1/object/sign/workout-assets/exercise-videos/ab3acf54-0499-46b7-b130-63e836e70503/custom-1778249904844.mov?token=eyJraWQiOiJzdG9yYWdlLXVybC1zaWduaW5nLWtleV84NjE4ZWRhYy0yY2NmLTQ4MzMtODNiZi01MWVhNzZkMmY2ZDUiLCJhbGciOiJIUzI1NiJ9.eyJ1cmwiOiJ3b3Jrb3V0LWFzc2V0cy9leGVyY2lzZS12aWRlb3MvYWIzYWNmNTQtMDQ5OS00NmI3LWIxMzAtNjNlODM2ZTcwNTAzL2N1c3RvbS0xNzc4MjQ5OTA0ODQ0Lm1vdiIsImlhdCI6MTc3ODI0OTkxOCwiZXhwIjoxNzc4ODU0NzE4fQ.y5wZGvkWhHyKSsjabqKA0fYBhoeFTPERrcd5IImfXxQ,https://qewqcjzlfqamqwbccapr.supabase.co/storage/v1/object/public/exercise-thumbnails/manual-uploads/21740_1778249920802_IMG_0815.png,,False,False,ab3acf54-0499-46b7-b130-63e836e70503,True,2026-05-08T14:18:39.897479+00:00,2026-05-08T14:18:42.556061+00:00,,,,,,exerciseanimatic,[],[],[],[]
21741,Jumping Knee,,,full body,[],other,strength,intermediate,https://qewqcjzlfqamqwbccapr.supabase.co/storage/v1/object/sign/workout-assets/exercise-videos/ab3acf54-0499-46b7-b130-63e836e70503/custom-1778250033112.mov?token=eyJraWQiOiJzdG9yYWdlLXVybC1zaWduaW5nLWtleV84NjE4ZWRhYy0yY2NmLTQ4MzMtODNiZi01MWVhNzZkMmY2ZDUiLCJhbGciOiJIUzI1NiJ9.eyJ1cmwiOiJ3b3Jrb3V0LWFzc2V0cy9leGVyY2lzZS12aWRlb3MvYWIzYWNmNTQtMDQ5OS00NmI3LWIxMzAtNjNlODM2ZTcwNTAzL2N1c3RvbS0xNzc4MjUwMDMzMTEyLm1vdiIsImlhdCI6MTc3ODI1MDA1NSwiZXhwIjoxNzc4ODU0ODU1fQ.B0EoLQIH9swR_M6f_AHqJy8eAoXXJCFZNHt6pPd8t3M,https://qewqcjzlfqamqwbccapr.supabase.co/storage/v1/object/public/exercise-thumbnails/manual-uploads/21741_1778250057560_IMG_0822.png,,False,False,ab3acf54-0499-46b7-b130-63e836e70503,True,2026-05-08T14:20:56.777928+00:00,2026-05-08T14:20:59.457647+00:00,,,,,,exerciseanimatic,[],[],[],[]
21742,Front Teep,,,full body,[],other,strength,intermediate,https://qewqcjzlfqamqwbccapr.supabase.co/storage/v1/object/sign/workout-assets/exercise-videos/ab3acf54-0499-46b7-b130-63e836e70503/custom-1778250134963.mov?token=eyJraWQiOiJzdG9yYWdlLXVybC1zaWduaW5nLWtleV84NjE4ZWRhYy0yY2NmLTQ4MzMtODNiZi01MWVhNzZkMmY2ZDUiLCJhbGciOiJIUzI1NiJ9.eyJ1cmwiOiJ3b3Jrb3V0LWFzc2V0cy9leGVyY2lzZS12aWRlb3MvYWIzYWNmNTQtMDQ5OS00NmI3LWIxMzAtNjNlODM2ZTcwNTAzL2N1c3RvbS0xNzc4MjUwMTM0OTYzLm1vdiIsImlhdCI6MTc3ODI1MDE1MSwiZXhwIjoxNzc4ODU0OTUxfQ.9B4o9yVijE9FCLh_yGQDOsuTIDNBzD_Yfs7sxdcp1II,https://qewqcjzlfqamqwbccapr.supabase.co/storage/v1/object/public/exercise-thumbnails/manual-uploads/21742_1778250152602_IMG_0797.png,,False,False,ab3acf54-0499-46b7-b130-63e836e70503,True,2026-05-08T14:22:31.714041+00:00,2026-05-08T14:22:34.389369+00:00,,,,,,exerciseanimatic,[],[],[],[]
21743,Shadow Drills,,,full body,[],other,strength,beginner,https://qewqcjzlfqamqwbccapr.supabase.co/storage/v1/object/sign/workout-assets/exercise-videos/ab3acf54-0499-46b7-b130-63e836e70503/custom-1778250297942.mov?token=eyJraWQiOiJzdG9yYWdlLXVybC1zaWduaW5nLWtleV84NjE4ZWRhYy0yY2NmLTQ4MzMtODNiZi01MWVhNzZkMmY2ZDUiLCJhbGciOiJIUzI1NiJ9.eyJ1cmwiOiJ3b3Jrb3V0LWFzc2V0cy9leGVyY2lzZS12aWRlb3MvYWIzYWNmNTQtMDQ5OS00NmI3LWIxMzAtNjNlODM2ZTcwNTAzL2N1c3RvbS0xNzc4MjUwMjk3OTQyLm1vdiIsImlhdCI6MTc3ODI1MDMxNSwiZXhwIjoxNzc4ODU1MTE1fQ.qY9k_ZYgjLDykASacRbOjG_MY41b5xCX6B20gl2tYjU,https://qewqcjzlfqamqwbccapr.supabase.co/storage/v1/object/public/exercise-thumbnails/manual-uploads/21743_1778250317160_IMG_0811.png,,False,False,ab3acf54-0499-46b7-b130-63e836e70503,True,2026-05-08T14:25:16.309414+00:00,2026-05-08T14:25:18.823948+00:00,,,,,,exerciseanimatic,[],[],[],[]
21744,Flying Elbow,,,full body,[],other,cardio,beginner,https://qewqcjzlfqamqwbccapr.supabase.co/storage/v1/object/sign/workout-assets/exercise-videos/ab3acf54-0499-46b7-b130-63e836e70503/custom-1778250384746.mov?token=eyJraWQiOiJzdG9yYWdlLXVybC1zaWduaW5nLWtleV84NjE4ZWRhYy0yY2NmLTQ4MzMtODNiZi01MWVhNzZkMmY2ZDUiLCJhbGciOiJIUzI1NiJ9.eyJ1cmwiOiJ3b3Jrb3V0LWFzc2V0cy9leGVyY2lzZS12aWRlb3MvYWIzYWNmNTQtMDQ5OS00NmI3LWIxMzAtNjNlODM2ZTcwNTAzL2N1c3RvbS0xNzc4MjUwMzg0NzQ2Lm1vdiIsImlhdCI6MTc3ODI1MDQwMiwiZXhwIjoxNzc4ODU1MjAyfQ.qVsxooc754dWTkA-riZq8DNApvm-Xt4gZB9jNNsZ89E,https://qewqcjzlfqamqwbccapr.supabase.co/storage/v1/object/public/exercise-thumbnails/manual-uploads/21744_1778250404127_IMG_0808.png,,False,False,ab3acf54-0499-46b7-b130-63e836e70503,True,2026-05-08T14:26:43.290037+00:00,2026-05-08T14:26:46.193164+00:00,,,,,,exerciseanimatic,[],[],[],[]
21745,Spinning Elbow,,,full body,[],other,strength,intermediate,https://qewqcjzlfqamqwbccapr.supabase.co/storage/v1/object/sign/workout-assets/exercise-videos/ab3acf54-0499-46b7-b130-63e836e70503/custom-1778250471854.mov?token=eyJraWQiOiJzdG9yYWdlLXVybC1zaWduaW5nLWtleV84NjE4ZWRhYy0yY2NmLTQ4MzMtODNiZi01MWVhNzZkMmY2ZDUiLCJhbGciOiJIUzI1NiJ9.eyJ1cmwiOiJ3b3Jrb3V0LWFzc2V0cy9leGVyY2lzZS12aWRlb3MvYWIzYWNmNTQtMDQ5OS00NmI3LWIxMzAtNjNlODM2ZTcwNTAzL2N1c3RvbS0xNzc4MjUwNDcxODU0Lm1vdiIsImlhdCI6MTc3ODI1MDQ4NCwiZXhwIjoxNzc4ODU1Mjg0fQ.OrlbuIrpUyKwiqlIoy8T0dYaFI-TA_Nd2Kmb8RlFgSY,https://qewqcjzlfqamqwbccapr.supabase.co/storage/v1/object/public/exercise-thumbnails/manual-uploads/21745_1778250485479_IMG_0805.png,,False,False,ab3acf54-0499-46b7-b130-63e836e70503,True,2026-05-08T14:28:04.760337+00:00,2026-05-08T14:28:06.892601+00:00,,,,,,exerciseanimatic,[],[],[],[]
21746,Muay Thai Knees,,,full body,[],other,cardio,beginner,https://qewqcjzlfqamqwbccapr.supabase.co/storage/v1/object/sign/workout-assets/exercise-videos/ab3acf54-0499-46b7-b130-63e836e70503/custom-1778250543567.mov?token=eyJraWQiOiJzdG9yYWdlLXVybC1zaWduaW5nLWtleV84NjE4ZWRhYy0yY2NmLTQ4MzMtODNiZi01MWVhNzZkMmY2ZDUiLCJhbGciOiJIUzI1NiJ9.eyJ1cmwiOiJ3b3Jrb3V0LWFzc2V0cy9leGVyY2lzZS12aWRlb3MvYWIzYWNmNTQtMDQ5OS00NmI3LWIxMzAtNjNlODM2ZTcwNTAzL2N1c3RvbS0xNzc4MjUwNTQzNTY3Lm1vdiIsImlhdCI6MTc3ODI1MDU2MywiZXhwIjoxNzc4ODU1MzYzfQ.dumvvBt-Ejt9D0sVkdpc7fC6UTxRnoAhDmWWgnnZp18,https://qewqcjzlfqamqwbccapr.supabase.co/storage/v1/object/public/exercise-thumbnails/manual-uploads/21746_1778251356254_IMG_0822.png,,False,False,ab3acf54-0499-46b7-b130-63e836e70503,True,2026-05-08T14:29:24.289865+00:00,2026-05-08T14:42:37.761355+00:00,,,,,,exerciseanimatic,[],[],[],[]
21747,Low Kick,,,full body,[],other,cardio,beginner,https://qewqcjzlfqamqwbccapr.supabase.co/storage/v1/object/sign/workout-assets/exercise-videos/ab3acf54-0499-46b7-b130-63e836e70503/custom-1778250621393.mov?token=eyJraWQiOiJzdG9yYWdlLXVybC1zaWduaW5nLWtleV84NjE4ZWRhYy0yY2NmLTQ4MzMtODNiZi01MWVhNzZkMmY2ZDUiLCJhbGciOiJIUzI1NiJ9.eyJ1cmwiOiJ3b3Jrb3V0LWFzc2V0cy9leGVyY2lzZS12aWRlb3MvYWIzYWNmNTQtMDQ5OS00NmI3LWIxMzAtNjNlODM2ZTcwNTAzL2N1c3RvbS0xNzc4MjUwNjIxMzkzLm1vdiIsImlhdCI6MTc3ODI1MDY0MSwiZXhwIjoxNzc4ODU1NDQxfQ.3pcCnSZaW-ofLutcZfbuyGYOlTcNF6LDV2oZpSgTRA4,https://qewqcjzlfqamqwbccapr.supabase.co/storage/v1/object/public/exercise-thumbnails/manual-uploads/21747_1778250642980_IMG_0796.png,,False,False,ab3acf54-0499-46b7-b130-63e836e70503,True,2026-05-08T14:30:42.209653+00:00,2026-05-08T14:30:44.625651+00:00,,,,,,exerciseanimatic,[],[],[],[]
21749,RoundHouse Kick,,,full body,[],other,strength,beginner,https://qewqcjzlfqamqwbccapr.supabase.co/storage/v1/object/sign/workout-assets/exercise-videos/ab3acf54-0499-46b7-b130-63e836e70503/custom-1778250779191.mov?token=eyJraWQiOiJzdG9yYWdlLXVybC1zaWduaW5nLWtleV84NjE4ZWRhYy0yY2NmLTQ4MzMtODNiZi01MWVhNzZkMmY2ZDUiLCJhbGciOiJIUzI1NiJ9.eyJ1cmwiOiJ3b3Jrb3V0LWFzc2V0cy9leGVyY2lzZS12aWRlb3MvYWIzYWNmNTQtMDQ5OS00NmI3LWIxMzAtNjNlODM2ZTcwNTAzL2N1c3RvbS0xNzc4MjUwNzc5MTkxLm1vdiIsImlhdCI6MTc3ODI1MDc5NiwiZXhwIjoxNzc4ODU1NTk2fQ.G9JBIZgWn324yXdHWh49sKuht4WyjIl_OrWG96Pq80A,https://qewqcjzlfqamqwbccapr.supabase.co/storage/v1/object/public/exercise-thumbnails/manual-uploads/21749_1778250797903_IMG_0800.png,,False,False,ab3acf54-0499-46b7-b130-63e836e70503,True,2026-05-08T14:33:17.076707+00:00,2026-05-08T14:33:19.221826+00:00,,,,,,exerciseanimatic,[],[],[],[]
21750,Horizontal Lead Elbow,,,full body,[],other,cardio,beginner,https://qewqcjzlfqamqwbccapr.supabase.co/storage/v1/object/sign/workout-assets/exercise-videos/ab3acf54-0499-46b7-b130-63e836e70503/custom-1778251029244.mov?token=eyJraWQiOiJzdG9yYWdlLXVybC1zaWduaW5nLWtleV84NjE4ZWRhYy0yY2NmLTQ4MzMtODNiZi01MWVhNzZkMmY2ZDUiLCJhbGciOiJIUzI1NiJ9.eyJ1cmwiOiJ3b3Jrb3V0LWFzc2V0cy9leGVyY2lzZS12aWRlb3MvYWIzYWNmNTQtMDQ5OS00NmI3LWIxMzAtNjNlODM2ZTcwNTAzL2N1c3RvbS0xNzc4MjUxMDI5MjQ0Lm1vdiIsImlhdCI6MTc3ODI1MTA0MywiZXhwIjoxNzc4ODU1ODQzfQ.q9diZX9jmsf5ilK1X_OtrUIODJ3kXQagEq17WqpBf7w,https://qewqcjzlfqamqwbccapr.supabase.co/storage/v1/object/public/exercise-thumbnails/manual-uploads/21750_1778251045441_IMG_0826.png,,False,False,ab3acf54-0499-46b7-b130-63e836e70503,True,2026-05-08T14:37:24.551851+00:00,2026-05-08T14:37:27.167419+00:00,,,,,,exerciseanimatic,[],[],[],[]
21751,Muay Thai Stretching,,,full body,[],other,flexibility,beginner,https://qewqcjzlfqamqwbccapr.supabase.co/storage/v1/object/sign/workout-assets/exercise-videos/ab3acf54-0499-46b7-b130-63e836e70503/custom-1778251167422.mov?token=eyJraWQiOiJzdG9yYWdlLXVybC1zaWduaW5nLWtleV84NjE4ZWRhYy0yY2NmLTQ4MzMtODNiZi01MWVhNzZkMmY2ZDUiLCJhbGciOiJIUzI1NiJ9.eyJ1cmwiOiJ3b3Jrb3V0LWFzc2V0cy9leGVyY2lzZS12aWRlb3MvYWIzYWNmNTQtMDQ5OS00NmI3LWIxMzAtNjNlODM2ZTcwNTAzL2N1c3RvbS0xNzc4MjUxMTY3NDIyLm1vdiIsImlhdCI6MTc3ODI1MTI1NiwiZXhwIjoxNzc4ODU2MDU2fQ.h6jVq9f-HWlPVndE2nix6V9i3dtlGJrVxJ7gKz93oYY,https://qewqcjzlfqamqwbccapr.supabase.co/storage/v1/object/public/exercise-thumbnails/manual-uploads/21751_1778251258493_IMG_0791.png,,False,False,ab3acf54-0499-46b7-b130-63e836e70503,True,2026-05-08T14:40:57.753695+00:00,2026-05-08T14:40:59.894229+00:00,,,,,,exerciseanimatic,[],[],[],[]
21753,Nordic Hamstring Curl,,,hamstrings,[],other,strength,advanced,https://qewqcjzlfqamqwbccapr.supabase.co/storage/v1/object/sign/workout-assets/exercise-videos/ab3acf54-0499-46b7-b130-63e836e70503/custom-1778748002192.mov?token=eyJraWQiOiJzdG9yYWdlLXVybC1zaWduaW5nLWtleV84NjE4ZWRhYy0yY2NmLTQ4MzMtODNiZi01MWVhNzZkMmY2ZDUiLCJhbGciOiJIUzI1NiJ9.eyJ1cmwiOiJ3b3Jrb3V0LWFzc2V0cy9leGVyY2lzZS12aWRlb3MvYWIzYWNmNTQtMDQ5OS00NmI3LWIxMzAtNjNlODM2ZTcwNTAzL2N1c3RvbS0xNzc4NzQ4MDAyMTkyLm1vdiIsImlhdCI6MTc3ODc0ODAwOSwiZXhwIjoxNzc5MzUyODA5fQ.u0WU3z2pVsYd49pR5eTVE7N3e1CcYIq90IkggF8iCRU,https://qewqcjzlfqamqwbccapr.supabase.co/storage/v1/object/public/exercise-thumbnails/manual-uploads/21753_1778748012466_IMG_1177.jpeg,,False,False,ab3acf54-0499-46b7-b130-63e836e70503,True,2026-05-14T08:40:11.149517+00:00,2026-05-14T08:40:14.268934+00:00,,,,,,exerciseanimatic,[],[],[],"[{""url"": ""https://youtube.com/shorts/wgU_Fqjcvcc?si=KCbFDWIK1lTebSOb"", ""type"": ""youtube"", ""title"": ""YouTube Video""}, {""url"": ""https://youtube.com/shorts/h5S6KNwATsI?si=JxC6vJJ9WlADsbFY"", ""type"": ""youtube"", ""title"": ""YouTube Video""}]"
21755,Standing Hip Thrust,,,glutes,[],machine,strength,intermediate,https://qewqcjzlfqamqwbccapr.supabase.co/storage/v1/object/sign/workout-assets/exercise-videos/ab3acf54-0499-46b7-b130-63e836e70503/custom-1779607450342.mp4?token=eyJraWQiOiJzdG9yYWdlLXVybC1zaWduaW5nLWtleV84NjE4ZWRhYy0yY2NmLTQ4MzMtODNiZi01MWVhNzZkMmY2ZDUiLCJhbGciOiJIUzI1NiJ9.eyJ1cmwiOiJ3b3Jrb3V0LWFzc2V0cy9leGVyY2lzZS12aWRlb3MvYWIzYWNmNTQtMDQ5OS00NmI3LWIxMzAtNjNlODM2ZTcwNTAzL2N1c3RvbS0xNzc5NjA3NDUwMzQyLm1wNCIsImlhdCI6MTc3OTYwNzQ1NywiZXhwIjoxNzgwMjEyMjU3fQ.r7azaLvV7paR--6s9Ps2u_Ezc13RFbDL4U0cHcbsQU0,https://qewqcjzlfqamqwbccapr.supabase.co/storage/v1/object/public/exercise-thumbnails/manual-uploads/21755_1779607459897_IMG_1614.jpeg,,False,False,ab3acf54-0499-46b7-b130-63e836e70503,True,2026-05-24T07:24:18.526673+00:00,2026-05-24T07:24:21.542949+00:00,,,,,,exerciseanimatic,[],[],[],"[{""url"": ""https://youtu.be/HYYlGfi9RCU?si=MXdlGZwsq3AXAQ3D"", ""type"": ""youtube"", ""title"": ""YouTube Video""}]"
21756,Standing Hip Abduction,,,glutes,[],machine,strength,intermediate,https://qewqcjzlfqamqwbccapr.supabase.co/storage/v1/object/sign/workout-assets/exercise-videos/ab3acf54-0499-46b7-b130-63e836e70503/custom-1779610192159.mov?token=eyJraWQiOiJzdG9yYWdlLXVybC1zaWduaW5nLWtleV84NjE4ZWRhYy0yY2NmLTQ4MzMtODNiZi01MWVhNzZkMmY2ZDUiLCJhbGciOiJIUzI1NiJ9.eyJ1cmwiOiJ3b3Jrb3V0LWFzc2V0cy9leGVyY2lzZS12aWRlb3MvYWIzYWNmNTQtMDQ5OS00NmI3LWIxMzAtNjNlODM2ZTcwNTAzL2N1c3RvbS0xNzc5NjEwMTkyMTU5Lm1vdiIsImlhdCI6MTc3OTYxMDIwMCwiZXhwIjoxNzgwMjE1MDAwfQ.dGAfdEc1Svn00ZEvVgEmaQ8Q3MCKxtAIOGkL966JjA8,https://qewqcjzlfqamqwbccapr.supabase.co/storage/v1/object/public/exercise-thumbnails/manual-uploads/21756_1779610203416_IMG_1620.jpeg,,False,False,ab3acf54-0499-46b7-b130-63e836e70503,True,2026-05-24T08:10:02.022753+00:00,2026-05-24T08:10:05.13149+00:00,,,,,,exerciseanimatic,[],[],[],"[{""url"": ""https://youtu.be/9vwOZFBVYjM?si=p5myHAhc2rS6t6AO"", ""type"": ""youtube"", ""title"": ""YouTube Video""}]"
21757,Sliding Reverse Lunge Machine,,,glutes,[],machine,strength,intermediate,https://qewqcjzlfqamqwbccapr.supabase.co/storage/v1/object/sign/workout-assets/exercise-videos/ab3acf54-0499-46b7-b130-63e836e70503/custom-1779612811550.mov?token=eyJraWQiOiJzdG9yYWdlLXVybC1zaWduaW5nLWtleV84NjE4ZWRhYy0yY2NmLTQ4MzMtODNiZi01MWVhNzZkMmY2ZDUiLCJhbGciOiJIUzI1NiJ9.eyJ1cmwiOiJ3b3Jrb3V0LWFzc2V0cy9leGVyY2lzZS12aWRlb3MvYWIzYWNmNTQtMDQ5OS00NmI3LWIxMzAtNjNlODM2ZTcwNTAzL2N1c3RvbS0xNzc5NjEyODExNTUwLm1vdiIsImlhdCI6MTc3OTYxMjgxOCwiZXhwIjoxNzgwMjE3NjE4fQ.8kMF4rLVKXy8JK2HAx58lwhS6M5Etfmho-bSq6Jl73c,https://qewqcjzlfqamqwbccapr.supabase.co/storage/v1/object/public/exercise-thumbnails/manual-uploads/21757_1779612822120_IMG_1644.jpeg,,False,False,ab3acf54-0499-46b7-b130-63e836e70503,True,2026-05-24T08:53:40.763735+00:00,2026-05-24T08:53:43.123511+00:00,,,,,,exerciseanimatic,[],[],[],"[{""url"": ""https://youtube.com/shorts/zBwHcEa0PcM?si=p9hyME_Pm0qTu51o"", ""type"": ""youtube"", ""title"": ""YouTube Video""}]"
